Identifiant,Nom,Email,Photo,Role
USR001,Claire Martin,claire.martin@example.com,https://zyllio.github.io/zyllio-samples/questionnaires/utilisateurs/claire-martin.png,Demandeur
USR002,Julien Bernard,julien.bernard@example.com,https://zyllio.github.io/zyllio-samples/questionnaires/utilisateurs/julien-bernard.png,Demandeur
USR003,Sophie Leroy,sophie.leroy@example.com,https://zyllio.github.io/zyllio-samples/questionnaires/utilisateurs/sophie-leroy.png,Interne
USR004,Thomas Petit,thomas.petit@example.com,https://zyllio.github.io/zyllio-samples/questionnaires/utilisateurs/thomas-petit.png,Interne
USR005,Nadia Roux,nadia.roux@example.com,https://zyllio.github.io/zyllio-samples/questionnaires/utilisateurs/nadia-roux.png,Interne
USR006,Lucas Moreau,lucas.moreau@example.com,https://zyllio.github.io/zyllio-samples/questionnaires/utilisateurs/lucas-moreau.png,Repondant
USR007,Emma Garcia,emma.garcia@example.com,https://zyllio.github.io/zyllio-samples/questionnaires/utilisateurs/emma-garcia.png,Repondant
USR008,Hugo Fournier,hugo.fournier@example.com,https://zyllio.github.io/zyllio-samples/questionnaires/utilisateurs/hugo-fournier.png,Repondant
USR009,Lea Andre,lea.andre@example.com,https://zyllio.github.io/zyllio-samples/questionnaires/utilisateurs/lea-andre.png,Repondant
USR010,Noah Simon,noah.simon@example.com,https://zyllio.github.io/zyllio-samples/questionnaires/utilisateurs/noah-simon.png,Repondant
