Nom,Valeur
Toutes,
Légumes vapeur,Légumes vapeur
Desserts,Desserts
Oeuf et omelette,Oeuf et omelette
One pot pasta,One pot pasta
One pot rice,One pot rice
Soupe rapide,Soupe rapide
Plats,Plats
Anchois excellence,Anchois excellence
Blanc de dinde excellence,Blanc de dinde excellence
Blanc de poulet excellence,Blanc de poulet excellence
Boudin noir excellence,Boudin noir excellence
Boulgour excellence,Boulgour excellence
Crevettes congelées,Crevettes congelées
Diots de savoie excellence,Diots de savoie excellence
Filet de cabillaud excellence,Filet de cabillaud excellence
Galette de millet excellence,Galette de millet excellence
Galette de tofu excellence,Galette de tofu excellence
Jambon blanc excellence,Jambon blanc excellence
Jambon de pays excellence,Jambon de pays excellence
Lardons excellence,Lardons excellence
Asperges en boites,Asperges en boites
Asperges fraiches,Asperges fraiches
Aubergines,Aubergines
Betteraves cuite,Betteraves cuite
Boudin blanc precuit,Boudin blanc precuit
Brocoli frais tout en un,Brocoli frais tout en un
Brocoli frais,Brocoli frais
Carottes crues,Carottes crues
Carottes fraiches tout en un,Carottes fraiches tout en un
Celeri branche,Celeri branche
Celeri frais simple,Celeri frais simple
Celeri rave fais tout en un,Celeri rave fais tout en un
Cepes frais recette simple,Cepes frais recette simple
Cepes frais tout en un,Cepes frais tout en un
Cepes seches et cuits,Cepes seches et cuits
Champignon de paris deja cuit,Champignon de paris deja cuit
Champignon de paris frais simple,Champignon de paris frais simple
Champignon de paris frais tout en un,Champignon de paris frais tout en un
Chataigne cuites tout en un,Chataigne cuites tout en un
Chataignes cuite simples,Chataignes cuite simples
Chipolatas,Chipolatas
Chou rouge simple,Chou rouge simple
Chou vert simple,Chou vert simple
Chou vert tout en un,Chou vert tout en un
Choucroute crue simple,Choucroute crue simple
Choucroute crue tout en un,Choucroute crue tout en un
Choucroute deja cuite,Choucroute deja cuite
Choux de bruxelle simple,Choux de bruxelle simple
Choux de bruxelles tout en un,Choux de bruxelles tout en un
Citrouille potiron simple,Citrouille potiron simple
Citrouille potiron tout en un,Citrouille potiron tout en un
Courgette simple,Courgette simple
Courgette tout en un,Courgette tout en un
Endives simple,Endives simple
Endives tout en un,Endives tout en un
Epinard frais tout en un,Epinard frais tout en un
Epinard surgeles,Epinard surgeles
Epinards simple,Epinards simple
Fenouil simple,Fenouil simple
Fenouil tout en un,Fenouil tout en un
Fonds coeur d'artichauts simple,Fonds coeur d'artichauts simple
Fonds coeur d'artichauts tout en un,Fonds coeur d'artichauts tout en un
Hache d'agneau simple,Hache d'agneau simple
Hache d'agneau tout en un,Hache d'agneau tout en un
Hache de veau simple,Hache de veau simple
Hareng fume simple,Hareng fume simple
Hareng fume tout en un,Hareng fume tout en un
Haricot blanc deja cuit,Haricot blanc deja cuit
Haricot blanc sec trempe,Haricot blanc sec trempe
Haricot rouge deja cuit,Haricot rouge deja cuit
Haricot rouge sec,Haricot rouge sec
Haricot vert en boite simple,Haricot vert en boite simple
Haricot vert en boite tout en un,Haricot vert en boite tout en un
Haricot vert frais extra fin simple,Haricot vert frais extra fin simple
Haricot vert frais extra fin tout en un,Haricot vert frais extra fin tout en un
Haricot vert frais fin simple,Haricot vert frais fin simple
Haricot vert frais fin tout en un,Haricot vert frais fin tout en un
Mais en boite simple,Mais en boite simple
Mais en boite tout en un,Mais en boite tout en un
Merguez classique tout en un,Merguez classique tout en un
Merguez classiques simples,Merguez classiques simples
Merguez de canard classique,Merguez de canard classique
Merguez de canard tout en un,Merguez de canard tout en un
Merguez de volaille simple,Merguez de volaille simple
Merguez de volaille tout en un,Merguez de volaille tout en un
Mix boulgour millet quinoa simple,Mix boulgour millet quinoa simple
Mix boulgour millet quinoa tout en un,Mix boulgour millet quinoa tout en un
Mix sarrasin lentille corail quinoa simple,Mix sarrasin lentille corail quinoa simple
Mix sarrasin lentille corail quinoa tout en un,Mix sarrasin lentille corail quinoa tout en un
Navets cru frais tout en un,Navets cru frais tout en un
Navets crus fraits simple,Navets crus fraits simple
Oeufs simple,Oeufs simple
Oeufs tout en un,Oeufs tout en un
Oignon frais tout en un,Oignon frais tout en un
Oignons frais simple,Oignons frais simple
Petit pois concegeles tout en un,Petit pois concegeles tout en un
Petit pois congeles simple,Petit pois congeles simple
Petit pois en boite simple,Petit pois en boite simple
Petit pois en boite tout en un,Petit pois en boite tout en un
Poireau frais simple,Poireau frais simple
Poireau frais tout en un,Poireau frais tout en un
Poivron boite simple,Poivron boite simple
Poivron boite tout en un,Poivron boite tout en un
Poivron frais tout en un,Poivron frais tout en un
Poivrons frais simple,Poivrons frais simple
Pomme de terre fraiche simple,Pomme de terre fraiche simple
Pomme de terre fraiche tout en un,Pomme de terre fraiche tout en un
Pomme de terre sous vide complet,Pomme de terre sous vide complet
Pomme de terre sous vide simple,Pomme de terre sous vide simple
Saint jacque fraiches,Saint jacque fraiches
Saint jacques congele,Saint jacques congele
Salsifis en boite simple,Salsifis en boite simple
Salsifis en boite tout en un,Salsifis en boite tout en un
Saumon frais,Saumon frais
Saumon surgele,Saumon surgele
Tempeh,Tempeh
Tofu parfume,Tofu parfume
Tomates concasses simples,Tomates concasses simples
Tomates concasses tout en un,Tomates concasses tout en un
Tomates fraiches simples,Tomates fraiches simples
Tomates fraiches tout en un,Tomates fraiches tout en un
Champignons Pleurotes,Champignons Pleurotes
Hache De Veau Tout En Un,Hache De Veau Tout En Un
Lentilles Rose Excellence,Lentilles Rose Excellence
Lentilles Vertes,Lentilles Vertes
Poireau frais tout en un,Poireau frais tout en un
Pois Casses,Pois Casses
Poivron boite simple,Poivron boite simple
Poivron boite tout en un,Poivron boite tout en un
Poivron frais tout en un,Poivron frais tout en un
Poivrons frais simple,Poivrons frais simple
Pomme de terre fraiche simple,Pomme de terre fraiche simple
Pomme de terre fraiche tout en un,Pomme de terre fraiche tout en un
Pomme de terre sous vide complet,Pomme de terre sous vide complet
Pomme de terre sous vide simple,Pomme de terre sous vide simple
Quenelle De Brochet,Quenelle De Brochet
Quinoa,Quinoa
Saint jacque fraiches,Saint jacque fraiches
Saint jacques congele,Saint jacques congele
Salsifis en boite simple,Salsifis en boite simple
Tomates fraiches simples,Tomates fraiches simples
Tomates fraiches tout en un,Tomates fraiches tout en un
Truite Fumee,Truite Fumee
Viande Hachee,Viande Hachee