Name,Genre,Synopsis,Picture,Rating,Teaser
Fight Club,Action,"A depressed man (Edward Norton) suffering from insomnia meets a strange soap salesman named Tyler Durden (Brad Pitt) and soon finds himself living in his squalid house after his perfect apartment is destroyed. The two bored men form an underground club with strict rules and fight other men who are fed up with their mundane lives. Their perfect partnership frays when Marla (Helena Bonham Carter), a fellow support group crasher, attracts Tyler's attention.",https://encrypted-tbn0.gstatic.com/images?q=tbn:ANd9GcTd1iFvZn39txrVGIdGC9wuS_4f13Ot8WxZGtTSt5xx&s,1,https://www.youtube.com/watch?v=qtRKdVHc-cE
Asterix & Obelix,Family,"Fortified with a magic potion, two warriors (Christian Clavier, Gérard Depardieu) set out to rescue a druid from Roman captors in 50 B.C.",https://encrypted-tbn3.gstatic.com/shopping?q=tbn:ANd9GcTDBI559I2Fcao3HHgpkuRT8JgKbEz6u5RT0Zqs1gZg-XEAHvyLa0GhWgkj1-BrOvylkdsc1JhlaEPelG-z4MMfc0lILb9qeMvsQeGvn2oh&usqp=CAc,3,https://www.youtube.com/watch?v=8U2WRJEZl70
Demolition Man,Action,"With innocent victims caught in the crossfire in Los Angeles' intensifying war on crime, both cop John Spartan (Sylvester Stallone) and violent thug Simon Phoenix (Wesley Snipes) are sentenced to a state of frozen incarceration known as ""CryoPrison."" When Spartan is finally thawed 36 years later, it's 2032, and Los Angeles is now a pacifist utopia called San Angeles. But with Phoenix again on the loose, Spartan must team up with future cop Lenina (Sandra Bullock) to apprehend the killer.",https://encrypted-tbn0.gstatic.com/images?q=tbn:ANd9GcSQZqAtVMBl_gN1cJk-4BULolhO7jSKG3bGaQ&usqp=CAU,3,https://www.youtube.com/watch?v=0B5v6QZ5R3g
Fast & Furious 6,Action,"Since Dom (Vin Diesel) and Brian's (Paul Walker) heist in Rio left them and their crew very rich people, they've scattered across the globe; however, they must still live as fugitives, unable to return home to their families. Meanwhile, Agent Hobbs (Dwayne Johnson) has been tracking a gang of lethally skilled mercenary drivers whose second-in-command is someone Dom knows. Unable to take them down himself, Hobbs asks Dom and his crew for help in exchange for full pardons for everyone.",https://fr.web.img5.acsta.net/medias/nmedia/00/02/30/50/69215495_af.jpg,4,https://www.youtube.com/watch?v=dKi5XoeTN0k
S.W.A.T.,Action,"Hondo Harrelson (Samuel L. Jackson) recruits Jim Street (Colin Farrell) to join an elite unit of the Los Angeles Police Department. Together they seek out more members, including tough Deke Kay (LL Cool J) and single mom Chris Sanchez (Michelle Rodriguez). The team's first big assignment is to escort crime boss Alex Montel (Olivier Martinez) to prison. It seems routine, but when Montel offers a huge reward to anyone who can break him free, criminals of various stripes step up for the prize.",https://m.media-amazon.com/images/I/61bUsd+X8tL._SL1024_.jpg,4,https://www.youtube.com/watch?v=7IoGHLXWs28
Full Contact,Action,"Jeff (Chow Yun-Fat), who works as a nightclub bouncer in Bangkok, saves his friend Sam (Wong Chow-Sang) from a beating by the local loan shark. The two team up with Sam's cousin Judge (Simon Yam) to rob an arms shipment, but the loan shark that Jeff ticked off persuades Judge to turn against him.",https://www.dvdfr.com/images/dvd/covers/200x280/f5ff8e063415ff61b88c06b9ad7d74a7/608/2d-full_contact.0.jpg,2,https://www.youtube.com/watch?v=shpAZ4Tc5K8
300,Adventure,"In 480 B.C. a state of war exists between Persia, led by King Xerxes (Rodrigo Santoro), and Greece. At the Battle of Thermopylae, Leonidas (Gerard Butler), king of the Greek city state of Sparta, leads his badly outnumbered warriors against the massive Persian army. Though certain death awaits the Spartans, their sacrifice inspires all of Greece to unite against their common enemy.",https://m.media-amazon.com/images/I/818xXUGh5UL._SX342_.jpg,3,https://www.youtube.com/watch?v=UrIbxk7idYA
Pirates of the Caribbean,Adventure,"Thrust into an all-new adventure, a down-on-his-luck Capt. Jack Sparrow feels the winds of ill-fortune blowing even more strongly when deadly ghost sailors led by his old nemesis, the evil Capt. Salazar, escape from the Devil's Triangle. Jack's only hope of survival lies in seeking out the legendary Trident of Poseidon, but to find it, he must forge an uneasy alliance with a brilliant and beautiful astronomer and a headstrong young man in the British navy.",https://www.avoir-alire.com/IMG/arton3089.jpg,4,https://www.youtube.com/watch?v=naQr0uTrH_s
Seven,Thriller,"When retiring police Detective William Somerset (Morgan Freeman) tackles a final case with the aid of newly transferred David Mills (Brad Pitt), they discover a number of elaborate and grisly murders. They soon realize they are dealing with a serial killer (Kevin Spacey) who is targeting people he thinks represent one of the seven deadly sins. Somerset also befriends Mills' wife, Tracy (Gwyneth Paltrow), who is pregnant and afraid to raise her child in the crime-riddled city.",https://www.ecranlarge.com/media/cache/1600x1200/uploads/image/001/121/mohx8jgzideamlj1cqdzclyhmry-823.jpg,5,https://www.youtube.com/watch?v=znmZoVkCjpI